Date,AAPL,GOOGL,AMZN
11/20/2014,106.86763,543.76001,330.540009
11/21/2014,107.014664,545.890015,332.630005
11/24/2014,108.999298,547.47998,335.640015
11/25/2014,108.05291,549.22998,335.040009
11/26/2014,109.339249,547.72998,333.570007
11/28/2014,109.274948,549.080017,338.640015
12/1/2014,105.728317,539.650024,326
12/2/2014,105.32402,538.590027,326.309998
12/3/2014,106.518494,536.969971,316.5
12/4/2014,106.114204,542.580017,316.929993
12/5/2014,105.663986,528.080017,312.630005
12/8/2014,103.275063,530.72998,306.640015
12/9/2014,104.855431,536.109985,312.5
12/10/2014,102.86161,528.039978,305.839996
12/11/2014,102.558395,532.109985,307.359985
12/12/2014,100.821831,521.51001,307.320007
12/15/2014,99.443619,515.840027,306.070007
12/16/2014,98.08374,498.160004,295.059998
12/17/2014,100.527809,506.450012,298.880005
12/18/2014,103.504761,514.619995,297.730011
12/19/2014,102.705391,520.039978,299.899994
12/22/2014,103.771225,532.299988,306.540009
12/23/2014,103.403709,538.77002,306.290009
12/24/2014,102.916725,536.929993,303.029999
12/26/2014,104.735992,541.52002,309.089996
12/29/2014,104.662506,537.309998,312.040009
12/30/2014,103.385315,535.280029,310.299988
12/31/2014,101.41906,530.659973,310.350006
1/2/2015,100.4543,529.549988,308.519989
1/5/2015,97.624336,519.460022,302.190002
1/6/2015,97.633545,506.640015,295.290009
1/7/2015,99.002556,505.149994,298.420013
1/8/2015,102.80648,506.910004,300.459991
1/9/2015,102.916725,500.720001,296.929993
1/12/2015,100.380791,497.059998,291.410004
1/13/2015,101.272049,501.799988,294.73999
1/14/2015,100.886154,505.929993,293.269989
1/15/2015,98.148056,504.01001,286.950012
1/16/2015,97.385445,510.459991,290.73999
1/20/2015,99.893822,509.940002,289.440002
1/21/2015,100.656441,520.390015,297.25
1/22/2015,103.275063,537.299988,310.320007
1/23/2015,103.807991,541.950012,312.390015
1/26/2015,103.918228,536.719971,309.660004
1/27/2015,100.279716,521.190002,306.75
1/28/2015,105.948822,512.429993,303.910004
1/29/2015,109.247391,513.22998,311.779999
1/30/2015,107.648643,537.549988,354.529999
2/2/2015,108.999298,532.200012,364.470001
2/3/2015,109.017654,533.299988,363.549988
2/4/2015,109.853806,526.099976,364.75
2/5/2015,110.637886,529.830017,373.890015
2/6/2015,109.7062,533.880005,374.279999
2/9/2015,110.434944,529.280029,370.559998
2/10/2015,112.556557,540.159973,373
2/11/2015,115.194748,538,375.140015
2/12/2015,116.652199,546.01001,377.170013
2/13/2015,117.224121,551.159973,381.829987
2/17/2015,117.915962,545.01001,375.429993
2/18/2015,118.736946,542.650024,373.369995
2/19/2015,118.487869,546.450012,379
2/20/2015,119.456444,541.799988,383.660004
2/23/2015,122.684975,535,380.140015
2/24/2015,121.919357,538.650024,378.589996
2/25/2015,118.801491,547.330017,385.369995
2/26/2015,120.305084,559.289978,384.799988
2/27/2015,118.497116,562.630005,380.160004
3/2/2015,119.078239,575.02002,385.660004
3/3/2015,119.327293,578.789978,384.609985
3/4/2015,118.570885,578.330017,382.720001
3/5/2015,116.606094,581.429993,387.829987
3/6/2015,116.781349,572.900024,380.089996
3/9/2015,117.279457,574.099976,378.559998
3/10/2015,114.853432,559.849976,369.51001
3/11/2015,112.759514,555.690002,366.369995
3/12/2015,114.798103,561.169983,374.23999
3/13/2015,114.004791,553,370.579987
3/16/2015,115.259315,561.640015,373.350006
3/17/2015,117.187233,557.609985,371.920013
3/18/2015,118.50631,566.159973,375.140015
3/19/2015,117.611565,563.669983,373.23999
3/20/2015,116.135651,564.950012,378.48999
3/23/2015,117.344032,565.369995,375.109985
3/24/2015,116.864365,577.539978,374.089996
3/25/2015,113.811096,567,370.959991
3/26/2015,114.604393,563.640015,367.350006
3/27/2015,113.69117,557.549988,370.559998
3/30/2015,116.569206,561.140015,374.589996
3/31/2015,114.779648,554.700012,372.100006
4/1/2015,114.613602,549.48999,370.26001
4/2/2015,115.600616,541.309998,372.25
4/6/2015,117.47319,543.950012,377.040009
4/7/2015,116.237122,544.859985,374.410004
4/8/2015,115.85891,548.840027,381.200012
4/9/2015,116.744446,548.02002,383.540009
4/10/2015,117.242592,548.539978,382.649994
4/13/2015,117.011948,548.640015,382.359985
4/14/2015,116.504623,539.780029,385.109985
4/15/2015,116.94738,541.039978,383.450012
4/16/2015,116.384705,543.52002,386.040009
4/17/2015,115.074821,532.73999,375.559998
4/20/2015,117.703796,544.530029,389.51001
4/21/2015,117.067322,542.919983,391.179993
4/22/2015,118.644707,549.179993,389.799988
4/23/2015,119.613266,557.460022,389.98999
4/24/2015,120.175949,573.659973,445.100006
4/27/2015,122.362091,566.119995,438.559998
4/28/2015,120.434235,564.369995,429.309998
4/29/2015,118.663147,561.390015,429.369995
4/30/2015,115.44381,548.77002,421.779999
5/1/2015,118.949089,551.159973,422.869995
5/4/2015,118.718491,552.840027,423.040009
5/5/2015,116.043396,543.039978,421.190002
5/6/2015,115.314674,535.080017,419.100006
5/7/2015,116.027908,542.039978,426.880005
5/8/2015,118.213974,548.950012,433.690002
5/11/2015,117.009789,545.780029,432.850006
5/12/2015,116.592957,538.72998,431.019989
5/13/2015,116.722656,539.48999,426.869995
5/14/2015,119.445946,549.200012,432.279999
5/15/2015,119.279213,546.48999,426
5/18/2015,120.594551,546.669983,425.23999
5/19/2015,120.483398,549.280029,421.709991
5/20/2015,120.474144,552.51001,423.859985
5/21/2015,121.706139,556.809998,431.630005
5/22/2015,122.77137,554.52002,427.630005
5/26/2015,120.066551,547.190002,425.470001
5/27/2015,122.308205,554.25,431.420013
5/28/2015,122.067375,554.179993,426.570007
5/29/2015,120.677933,545.320007,429.230011
6/1/2015,120.918762,549.210022,430.920013
6/2/2015,120.381523,553.950012,430.98999
6/3/2015,120.529716,555.289978,436.589996
6/4/2015,119.825737,551.690002,430.779999
6/5/2015,119.168053,549.530029,426.950012
6/8/2015,118.380714,543.47998,423.5
6/9/2015,118.028717,542.159973,425.480011
6/10/2015,119.381111,552.599976,430.769989
6/11/2015,119.112488,550.039978,432.970001
6/12/2015,117.79715,547.469971,429.920013
6/15/2015,117.565575,543,423.670013
6/16/2015,118.195457,544.869995,427.26001
6/17/2015,117.917557,546.599976,427.809998
6/18/2015,118.454803,556.179993,439.390015
6/19/2015,117.269157,557.52002,434.920013
6/22/2015,118.204712,559.679993,436.290009
6/23/2015,117.667465,563.390015,445.98999
6/24/2015,118.66787,558.570007,440.839996
6/25/2015,118.102837,557.950012,440.100006
6/26/2015,117.408104,553.059998,438.100006
6/29/2015,115.351707,541.25,429.859985
6/30/2015,116.185387,540.039978,434.089996
7/1/2015,117.269157,543.299988,437.390015
7/2/2015,117.120941,547.340027,437.709991
7/6/2015,116.713364,545.619995,436.040009
7/7/2015,116.426216,550.030029,436.720001
7/8/2015,113.536186,541.700012,429.700012
7/9/2015,111.220444,544.650024,434.390015
7/10/2015,114.193848,556.109985,443.51001
7/13/2015,116.398453,571.72998,455.570007
7/14/2015,116.352112,584.179993,465.570007
7/15/2015,117.472946,583.960022,461.190002
7/16/2015,119.038376,601.780029,475.480011
7/17/2015,120.066551,699.619995,483.01001
7/20/2015,122.335999,692.840027,488.100006
7/21/2015,121.113289,695.349976,488
7/22/2015,115.990868,695.099976,488.269989
7/23/2015,115.935295,674.72998,482.179993
7/24/2015,115.323929,654.77002,529.419983
7/27/2015,113.721443,658.27002,531.409973
7/28/2015,114.286491,659.659973,526.030029
7/29/2015,113.925224,661.429993,529
7/30/2015,113.350945,664.559998,536.76001
7/31/2015,112.359787,657.5,536.150024
8/3/2015,109.710579,664.719971,535.030029
8/4/2015,106.190651,661.280029,531.900024
8/5/2015,106.89463,673.289978,537.01001
8/6/2015,107.127243,670.150024,529.460022
8/7/2015,107.490135,664.390015,522.619995
8/10/2015,111.398201,663.140015,524
8/11/2015,105.601257,690.299988,527.460022
8/12/2015,107.229599,691.469971,525.909973
8/13/2015,107.145874,686.51001,529.659973
8/14/2015,107.899559,689.369995,531.52002
8/17/2015,109.016144,694.109985,535.219971
8/18/2015,108.402016,688.72998,535.02002
8/19/2015,107.015587,694.039978,532.919983
8/20/2015,104.819656,679.47998,515.780029
8/21/2015,98.408554,644.030029,494.470001
8/24/2015,95.952095,618.109985,463.369995
8/25/2015,96.528969,612.469971,466.369995
8/26/2015,102.065392,659.73999,500.769989
8/27/2015,105.070885,667.960022,518.369995
8/28/2015,105.415154,659.690002,518.01001
8/31/2015,104.922005,647.820007,512.890015
9/1/2015,100.232323,629.559998,496.540009
9/2/2015,104.531181,644.909973,510.549988
9/3/2015,102.69812,637.049988,504.720001
9/4/2015,101.674576,628.960022,499
9/8/2015,104.503265,643.880005,517.539978
9/9/2015,102.493416,643.409973,516.890015
9/10/2015,104.745216,651.080017,522.23999
9/11/2015,106.271194,655.299988,529.440002
9/14/2015,107.294724,652.469971,521.380005
9/15/2015,108.197311,665.070007,522.369995
9/16/2015,108.318291,665.52002,527.390015
9/17/2015,106.00135,671.669983,538.869995
9/18/2015,105.564041,660.919983,540.26001
9/21/2015,107.201698,666.97998,548.390015
9/22/2015,105.517509,653.200012,538.400024
9/23/2015,106.373558,653.289978,536.070007
9/24/2015,107.006294,654.909973,533.75
9/25/2015,106.736458,640.150024,524.25
9/28/2015,104.624237,624.25,504.059998
9/29/2015,101.479179,622.609985,496.070007
9/30/2015,102.632996,638.369995,511.890015
10/1/2015,101.963036,642,520.719971
10/2/2015,102.707428,656.98999,532.539978
10/5/2015,103.079636,671.679993,543.679993
10/6/2015,103.572777,671.640015,537.47998
10/7/2015,103.079636,670,541.940002
10/8/2015,101.888588,667,533.159973
10/9/2015,104.326485,671.23999,539.799988
10/12/2015,103.842636,676.429993,550.190002
10/13/2015,104.019409,683.169983,548.900024
10/14/2015,102.549255,680.409973,544.830017
10/15/2015,104.084564,693.02002,562.440002
10/16/2015,103.321564,695.320007,570.76001
10/19/2015,103.963593,699.950012,573.150024
10/20/2015,105.861801,680,560.880005
10/21/2015,105.852493,671.799988,555.77002
10/22/2015,107.471558,681.140015,563.909973
10/23/2015,110.802673,719.330017,599.030029
10/26/2015,107.26683,731.119995,608.609985
10/27/2015,106.587563,732.820007,611.01001
10/28/2015,110.979469,736.919983,617.099976
10/29/2015,112.151901,744.849976,626.549988
10/30/2015,111.193504,737.390015,625.900024
11/2/2015,112.756714,747.73999,628.349976
11/3/2015,114.050095,748.820007,625.309998
11/4/2015,113.519714,755.309998,640.950012
11/5/2015,112.996407,760.669983,655.650024
11/6/2015,113.127228,761.599976,659.369995
11/9/2015,112.669365,754.77002,655.48999
11/10/2015,109.11834,758.26001,659.679993
11/11/2015,108.501602,765.25,673.25
11/12/2015,108.137138,756.530029,665.599976
11/13/2015,104.97863,740.070007,642.349976
11/16/2015,106.698074,750.419983,647.809998
11/17/2015,106.240173,745.97998,643.299988
11/18/2015,109.604263,760.01001,663.539978
11/19/2015,110.996635,759.940002,661.27002
11/20/2015,111.482559,777,668.450012
11/23/2015,110.034142,776.700012,678.98999
11/24/2015,111.090088,769.630005,671.150024
11/25/2015,110.295761,769.26001,675.340027
11/27/2015,110.09021,771.969971,673.26001
11/30/2015,110.548103,762.849976,664.799988
12/1/2015,109.650993,783.789978,679.059998
12/2/2015,108.660454,777.849976,676.01001
12/3/2015,107.65123,768.200012,666.25
12/4/2015,111.230263,779.210022,672.640015
12/7/2015,110.529411,772.98999,669.830017
12/8/2015,110.482658,775.140015,677.330017
12/9/2015,108.043701,762.549988,664.789978
12/10/2015,108.557663,760.039978,662.320007
12/11/2015,105.763588,750.419983,640.150024
12/14/2015,105.109451,762.539978,657.909973
12/15/2015,103.24987,760.090027,658.640015
12/16/2015,104.044151,776.590027,675.77002
12/17/2015,101.838814,769.830017,670.650024
12/18/2015,99.082115,756.849976,664.140015
12/21/2015,100.296921,760.799988,664.51001
12/22/2015,100.203491,767.130005,663.150024
12/23/2015,101.49305,768.51001,663.700012
12/24/2015,100.951057,765.840027,662.789978
12/28/2015,99.820358,782.23999,675.200012
12/29/2015,101.614525,793.960022,693.969971
12/30/2015,100.287575,790.299988,689.070007
12/31/2015,98.362572,778.01001,675.890015
1/4/2016,98.446655,759.440002,636.98999
1/5/2016,95.979675,761.530029,633.789978
1/6/2016,94.101387,759.330017,632.650024
1/7/2016,90.129868,741,607.940002
1/8/2016,90.606438,730.909973,607.049988
1/11/2016,92.073563,733.070007,617.73999
1/12/2016,93.409874,745.340027,617.890015
1/13/2016,91.00827,719.570007,581.809998
1/14/2016,92.998695,731.390015,593
1/15/2016,90.765305,710.48999,570.179993
1/19/2016,90.326103,719.080017,574.47998
1/20/2016,90.447578,718.559998,571.77002
1/21/2016,89.9897,726.669983,575.02002
1/22/2016,94.7742,745.460022,596.380005
1/25/2016,92.923958,733.619995,596.530029
1/26/2016,93.437889,733.789978,601.25
1/27/2016,87.298416,717.580017,583.349976
1/28/2016,87.9245,748.299988,635.349976
1/29/2016,90.961533,761.349976,587
2/1/2016,90.111168,770.77002,574.809998
2/2/2016,88.288963,780.909973,552.099976
2/3/2016,90.036423,749.380005,531.070007
2/4/2016,90.759865,730.030029,536.26001
2/5/2016,88.335838,703.76001,502.130005
2/8/2016,89.266014,704.159973,488.100006
2/9/2016,89.247223,701.02002,482.070007
2/10/2016,88.570732,706.849976,490.480011
2/11/2016,88.035179,706.359985,503.820007
2/12/2016,88.307655,706.890015,507.079987
2/16/2016,90.79744,717.640015,521.099976
2/17/2016,92.187965,731.969971,534.099976
2/18/2016,90.44043,717.51001,525
2/19/2016,90.233719,722.109985,534.900024
2/22/2016,91.022934,729.049988,559.5
2/23/2016,88.965324,717.289978,552.940002
2/24/2016,90.290085,720.900024,554.039978
2/25/2016,90.910202,729.119995,555.150024
2/26/2016,91.051132,724.859985,555.22998
2/29/2016,90.844444,717.219971,552.52002
3/1/2016,94.452271,742.169983,579.039978
3/2/2016,94.658974,739.47998,580.210022
3/3/2016,95.36364,731.590027,577.48999
3/4/2016,96.782341,730.219971,575.140015
3/7/2016,95.711258,712.799988,562.799988
3/8/2016,94.92205,713.530029,560.26001
3/9/2016,95.006615,725.409973,559.469971
3/10/2016,95.053589,732.169983,558.929993
3/11/2016,96.077667,744.869995,569.609985
3/14/2016,96.32196,750.23999,573.369995
3/15/2016,98.257431,750.570007,577.02002
3/16/2016,99.563393,757.359985,574.27002
3/17/2016,99.403671,758.47998,559.440002
3/18/2016,99.516403,755.409973,552.080017
3/21/2016,99.507019,762.159973,553.97998
3/22/2016,100.268051,760.049988,560.47998
3/23/2016,99.713692,757.559998,569.630005
3/24/2016,99.281532,754.840027,582.950012
3/28/2016,98.830544,753.280029,579.869995
3/29/2016,101.170006,765.890015,593.859985
3/30/2016,102.936356,768.340027,598.690002
3/31/2016,102.400795,762.900024,593.640015
4/1/2016,103.340347,769.669983,598.5
4/4/2016,104.402031,765.119995,593.190002
4/5/2016,103.171249,758.570007,586.140015
4/6/2016,104.251701,768.070007,602.080017
4/7/2016,101.978004,760.119995,591.429993
4/8/2016,102.090752,759.469971,594.599976
4/11/2016,102.428986,757.539978,595.929993
4/12/2016,103.763138,764.320007,603.169983
4/13/2016,105.266418,771.909973,614.820007
4/14/2016,105.322792,775.390015,620.75
4/15/2016,103.208817,780,625.890015
4/18/2016,100.982109,787.679993,635.349976
4/19/2016,100.446556,776.25,627.900024
4/20/2016,100.653252,774.919983,632.98999
4/21/2016,99.563393,780,631
4/22/2016,99.290916,737.77002,620.5
4/25/2016,98.727196,742.210022,626.200012
4/26/2016,98.041336,725.369995,616.880005
4/27/2016,91.906113,721.460022,606.570007
4/28/2016,89.096878,705.059998,602
4/29/2016,88.072762,707.880005,659.590027
5/2/2016,87.978806,714.409973,683.849976
5/3/2016,89.425705,708.440002,671.320007
5/4/2016,88.495567,711.369995,670.900024
5/5/2016,88.136368,714.710022,659.090027
5/6/2016,87.644852,725.179993,673.950012
5/9/2016,87.711006,729.130005,679.75
5/10/2016,88.306511,739.380005,703.070007
5/11/2016,87.446327,730.549988,713.22998
5/12/2016,85.395096,728.070007,717.929993
5/13/2016,85.565239,724.830017,709.919983
5/16/2016,88.741341,730.299988,710.659973
5/17/2016,88.372688,720.190002,695.27002
5/18/2016,89.384109,721.780029,697.450012
5/19/2016,89.043816,715.309998,698.52002
5/20/2016,90.007996,721.710022,702.799988
5/23/2016,91.151764,717.25,696.75
5/24/2016,92.541298,733.030029,704.200012
5/25/2016,94.167145,738.099976,708.349976
5/26/2016,94.91391,736.929993,714.909973
5/27/2016,94.857185,747.599976,712.23999
5/31/2016,94.39402,748.849976,722.789978
6/1/2016,93.070633,748.460022,719.440002
6/2/2016,92.371155,744.27002,728.23999
6/3/2016,92.560196,735.859985,725.539978
6/6/2016,93.231331,730.059998,726.72998
6/7/2016,93.609444,731.090027,723.73999
6/8/2016,93.524368,742.929993,726.640015
6/9/2016,94.195511,742.52002,727.650024
6/10/2016,93.420403,733.190002,717.909973
6/13/2016,92.01194,731.880005,715.23999
6/14/2016,92.125389,733.25,719.299988
6/15/2016,91.822899,732.190002,714.26001
6/16/2016,92.210464,724.25,717.51001
6/17/2016,90.111977,704.25,706.390015
6/20/2016,89.894562,706.130005,714.01001
6/21/2016,90.660217,708.880005,715.820007
6/22/2016,90.319923,710.469971,710.599976
6/23/2016,90.839828,714.869995,722.080017
6/24/2016,88.287621,685.200012,698.960022
6/27/2016,87.002052,681.140015,691.359985
6/28/2016,88.467209,691.26001,707.950012
6/29/2016,89.232864,695.190002,715.599976
6/30/2016,90.367195,703.530029,715.619995
7/1/2016,90.641319,710.25,725.679993
7/5/2016,89.790573,704.890015,728.099976
7/6/2016,90.301018,708.969971,737.609985
7/7/2016,90.688583,707.26001,736.570007
7/8/2016,91.388084,717.780029,745.809998
7/11/2016,91.671654,727.200012,753.780029
7/12/2016,92.087578,732.51001,748.210022
7/13/2016,91.56768,729.47998,742.630005
7/14/2016,93.382576,735.799988,741.200012
7/15/2016,93.373138,735.630005,735.440002
7/18/2016,94.365654,753.200012,736.070007
7/19/2016,94.403473,753.409973,739.950012
7/20/2016,94.488556,757.080017,745.719971
7/21/2016,93.987556,754.409973,744.429993
7/22/2016,93.259705,759.280029,744.859985
7/25/2016,92.01194,757.52002,739.609985
7/26/2016,91.378624,757.650024,735.590027
7/27/2016,97.314865,761.969971,736.669983
7/28/2016,98.628769,765.840027,752.609985
7/29/2016,98.50592,791.340027,758.809998
8/1/2016,100.245193,800.940002,767.73999
8/2/2016,98.761139,800.119995,760.580017
8/3/2016,99.999428,798.919983,754.640015
8/4/2016,100.617188,797.25,760.77002
8/5/2016,102.147301,806.929993,765.97998
8/8/2016,102.993134,805.22998,766.559998
8/9/2016,103.411293,807.47998,768.309998
8/10/2016,102.641495,808.48999,768.559998
8/11/2016,102.574959,808.200012,771.23999
8/12/2016,102.812553,807.049988,772.559998
8/15/2016,104.048073,805.960022,768.48999
8/16/2016,103.953026,801.190002,764.039978
8/17/2016,103.800949,805.419983,764.630005
8/18/2016,103.667908,802.75,764.460022
8/19/2016,103.934013,799.650024,757.309998
8/22/2016,103.126198,796.950012,759.47998
8/23/2016,103.449318,796.590027,762.450012
8/24/2016,102.670006,793.599976,757.25
8/25/2016,102.232841,791.299988,759.219971
8/26/2016,101.634079,793.219971,769
8/29/2016,101.520035,795.820007,771.289978
8/30/2016,100.740738,791.919983,767.580017
8/31/2016,100.835762,789.849976,769.159973
9/1/2016,101.434509,791.400024,770.619995
9/2/2016,102.384895,796.869995,772.440002
9/6/2016,102.356369,808.02002,788.869995
9/7/2016,102.983627,807.98999,784.47998
9/8/2016,100.284531,802.840027,784.059998
9/9/2016,98.013115,788.47998,760.140015
9/12/2016,100.208519,798.820007,771.48999
9/13/2016,102.593964,788.719971,761.01001
9/14/2016,106.224449,790.460022,761.090027
9/15/2016,109.835899,801.22998,769.690002
9/16/2016,109.218155,797.969971,778.52002
9/19/2016,107.944641,795.390015,775.099976
9/20/2016,107.935127,799.780029,780.219971
9/21/2016,107.916115,805.030029,789.73999
9/22/2016,108.933044,815.950012,804.700012
9/23/2016,107.117805,814.960022,805.75
9/26/2016,107.279366,802.650024,799.159973
9/27/2016,107.478943,810.72998,816.109985
9/28/2016,108.29628,810.059998,828.719971
9/29/2016,106.614113,802.640015,829.049988
9/30/2016,107.440933,804.059998,837.309998
10/3/2016,106.93721,800.380005,836.73999
10/4/2016,107.39341,802.789978,834.030029
10/5/2016,107.440933,801.22998,844.359985
10/6/2016,108.23925,803.080017,841.659973
10/7/2016,108.400818,800.710022,839.429993
10/10/2016,110.292084,814.169983,841.710022
10/11/2016,110.529694,809.570007,831
10/12/2016,111.518074,811.77002,834.090027
10/13/2016,111.175941,804.080017,829.280029
10/14/2016,111.793686,804.599976,822.960022
10/17/2016,111.717659,806.840027,812.950012
10/18/2016,111.641632,821.48999,817.650024
10/19/2016,111.309006,826.840027,817.690002
10/20/2016,111.251968,821.630005,810.320007
10/21/2016,110.814804,824.059998,818.98999
10/24/2016,111.812714,835.73999,838.090027
10/25/2016,112.382919,828.549988,835.179993
10/26/2016,109.854904,822.099976,822.590027
10/27/2016,108.79998,817.349976,818.359985
10/28/2016,108.077698,819.559998,776.320007
10/31/2016,107.906609,809.900024,789.820007
11/1/2016,105.958328,805.47998,785.409973
11/2/2016,106.05336,788.419983,765.559998
11/3/2016,104.916626,782.190002,767.030029
11/4/2016,103.970886,781.099976,755.049988
11/7/2016,105.470665,802.030029,784.929993
11/8/2016,106.091583,811.97998,787.75
11/9/2016,105.91964,805.590027,771.880005
11/10/2016,102.96788,780.289978,742.380005
11/11/2016,103.579254,771.75,739.01001
11/14/2016,100.980919,753.219971,719.070007
11/15/2016,102.318291,775.159973,743.23999
11/16/2016,105.06945,779.97998,746.48999
11/17/2016,105.031227,786.159973,756.400024
11/18/2016,105.136322,775.969971,760.159973
11/21/2016,106.731606,784.799988,780
11/22/2016,106.798477,785,785.330017
11/23/2016,106.253975,779,780.119995
11/25/2016,106.788933,780.22998,780.369995
11/28/2016,106.578766,785.789978,766.77002
11/29/2016,106.473701,789.440002,762.52002
11/30/2016,105.575737,775.880005,750.570007
12/1/2016,104.591812,764.330017,743.650024
12/2/2016,104.983475,764.460022,740.340027
12/5/2016,104.228821,778.219971,759.359985
12/6/2016,105.031227,776.179993,764.719971
12/7/2016,106.062927,791.469971,770.419983
12/8/2016,107.104172,795.169983,767.330017
12/9/2016,108.852295,809.450012,768.659973
12/12/2016,108.231384,807.900024,760.119995
12/13/2016,110.036827,815.340027,774.340027
12/14/2016,110.036827,817.890015,768.820007
12/15/2016,110.638626,815.650024,761
12/16/2016,110.781929,809.840027,757.77002
12/19/2016,111.421944,812.5,766
12/20/2016,111.718086,815.200012,771.219971
12/21/2016,111.823174,812.200012,770.599976
12/22/2016,111.087608,809.679993,766.340027
12/23/2016,111.30732,807.799988,760.590027
12/27/2016,112.014214,809.929993,771.400024
12/28/2016,111.536598,804.570007,772.130005
12/29/2016,111.507927,802.880005,765.150024
12/30/2016,110.638626,792.450012,749.869995
1/3/2017,110.953873,808.01001,753.669983
1/4/2017,110.829704,807.77002,757.179993
1/5/2017,111.393303,813.02002,780.450012
1/6/2017,112.635139,825.210022,795.98999
1/9/2017,113.666824,827.179993,796.919983
1/10/2017,113.781464,826.01001,795.900024
1/11/2017,114.392822,829.859985,799.02002
1/12/2017,113.915184,829.530029,813.640015
1/13/2017,113.714584,830.940002,817.140015
1/17/2017,114.631653,827.460022,809.719971
1/18/2017,114.622086,829.02002,807.47998
1/19/2017,114.421486,824.369995,809.039978
1/20/2017,114.631653,828.169983,808.330017
1/23/2017,114.708061,844.429993,817.880005
1/24/2017,114.602982,849.530029,822.440002
1/25/2017,116.427536,858.450012,836.52002
1/26/2017,116.484856,856.97998,839.150024
1/27/2017,116.494415,845.030029,835.77002
1/30/2017,116.188705,823.830017,830.380005
1/31/2017,115.921227,820.190002,823.47998
2/1/2017,122.990189,815.23999,832.349976
2/2/2017,122.780045,818.26001,839.950012
2/3/2017,123.305435,820.130005,810.200012
2/6/2017,124.461311,821.619995,807.640015
2/7/2017,125.645805,829.22998,812.5
2/8/2017,126.133018,829.880005,819.710022
2/9/2017,127.044449,830.059998,821.359985
2/10/2017,126.756615,834.849976,827.460022
2/13/2017,127.879105,838.960022,836.530029
2/14/2017,129.53891,840.030029,836.390015
2/15/2017,130.009018,837.320007,842.700012
2/16/2017,129.855499,842.169983,844.140015
2/17/2017,130.210526,846.549988,845.070007
2/21/2017,131.150726,849.27002,856.440002
2/22/2017,131.544052,851.359985,855.609985
2/23/2017,130.98761,851,852.190002
2/24/2017,131.11235,847.809998,845.23999
2/27/2017,131.371368,849.669983,848.640015
2/28/2017,131.428955,844.929993,845.039978
3/1/2017,134.11528,856.75,853.080017
3/2/2017,133.318939,849.849976,848.909973
3/3/2017,134.105652,849.080017,849.880005
3/6/2017,133.683517,847.27002,846.609985
3/7/2017,133.856232,851.150024,846.02002
3/8/2017,133.357315,853.640015,850.5
3/9/2017,133.050323,857.840027,853
3/10/2017,133.491669,861.409973,852.460022
3/13/2017,133.549194,864.580017,854.590027
3/14/2017,133.347763,865.909973,852.530029
3/15/2017,134.758087,868.390015,852.969971
3/16/2017,134.978714,870,853.419983
3/17/2017,134.307159,872.369995,852.309998
3/20/2017,135.717484,867.909973,856.969971
3/21/2017,134.163223,850.140015,843.200012
3/22/2017,135.679092,849.799988,848.059998
3/23/2017,135.199371,839.650024,847.380005
3/24/2017,134.930756,835.140015,845.609985
3/27/2017,135.161026,838.51001,846.820007
3/28/2017,137.962479,840.630005,856
3/29/2017,138.269485,849.869995,874.320007
3/30/2017,138.087189,849.47998,876.340027
3/31/2017,137.828171,847.799988,886.539978
4/3/2017,137.866547,856.75,891.51001
4/4/2017,138.893127,852.570007,906.830017
4/5/2017,138.173553,848.909973,909.280029
4/6/2017,137.828171,845.099976,898.280029
4/7/2017,137.521149,842.099976,894.880005
4/10/2017,137.358063,841.700012,907.039978
4/11/2017,135.880585,839.880005,902.359985
4/12/2017,136.043655,841.460022,896.22998
4/13/2017,135.324158,840.179993,884.669983
4/17/2017,136.072449,855.130005,901.98999
4/18/2017,135.468033,853.98999,903.780029
4/19/2017,134.969116,856.51001,899.200012
4/20/2017,136.657715,860.080017,902.059998
4/21/2017,136.494598,858.950012,898.530029
4/24/2017,137.809006,878.929993,907.409973
4/25/2017,138.662857,888.840027,907.619995
4/26/2017,137.847351,889.140015,909.289978
4/27/2017,137.952866,891.440002,918.380005
4/28/2017,137.818558,924.52002,924.98999
5/1/2017,140.629639,932.820007,948.22998
5/2/2017,141.521896,937.090027,946.940002
5/3/2017,141.090149,948.450012,941.030029
5/4/2017,140.58165,954.719971,937.530029
5/5/2017,142.91301,950.280029,934.150024
5/8/2017,146.798615,958.690002,949.039978
5/9/2017,147.7388,956.710022,952.820007
5/10/2017,147.038467,954.840027,948.950012
5/11/2017,148.310089,955.890015,947.619995
5/12/2017,150.381317,955.140015,961.349976
5/15/2017,149.995987,959.219971,957.969971
5/16/2017,149.774414,964.609985,966.070007
5/17/2017,144.745636,942.169983,944.76001
5/18/2017,146.951736,950.5,958.48999
5/19/2017,147.452682,954.650024,959.840027
5/22/2017,148.348648,964.070007,970.669983
5/23/2017,148.165573,970.549988,971.539978
5/24/2017,147.722443,977.609985,980.349976
5/25/2017,148.232986,991.859985,993.380005
5/26/2017,147.982559,993.27002,995.780029
5/30/2017,148.040359,996.169983,996.700012
5/31/2017,147.163681,987.090027,994.619995
6/1/2017,147.568298,988.289978,995.950012
6/2/2017,149.755157,996.119995,1006.72998
6/5/2017,148.290817,1003.880005,1011.340027
6/6/2017,148.791779,996.679993,1003
6/7/2017,149.67807,1001.5,1010.070007
6/8/2017,149.311996,1004.280029,1010.27002
6/9/2017,143.522141,970.119995,978.309998
6/12/2017,140.09259,961.809998,964.909973
6/13/2017,141.219742,970.5,980.789978
6/14/2017,139.842133,967.929993,976.469971
6/15/2017,139.003952,960.179993,964.169983
6/16/2017,137.057983,958.619995,987.710022
6/19/2017,140.978882,975.219971,995.169983
6/20/2017,139.697601,968.98999,992.590027
6/21/2017,140.526093,978.590027,1002.22998
6/22/2017,140.294922,976.619995,1001.299988
6/23/2017,140.921082,986.090027,1003.73999
6/26/2017,140.477951,972.090027,993.97998
6/27/2017,138.464493,948.090027,976.780029
6/28/2017,140.487579,961.01001,990.330017
6/29/2017,138.416321,937.820007,975.929993
6/30/2017,138.743896,929.679993,968
7/3/2017,138.242905,919.460022,953.659973
7/5/2017,138.81131,932.26001,971.400024
7/6/2017,137.501144,927.690002,965.140015
7/7/2017,138.89801,940.809998,978.76001
7/10/2017,139.745758,951,996.469971
7/11/2017,140.198547,953.530029,994.130005
7/12/2017,140.400864,967.659973,1006.51001
7/13/2017,142.356522,968.849976,1000.630005
7/14/2017,143.579956,976.909973,1001.809998
7/17/2017,144.080887,975.960022,1010.039978
7/18/2017,144.581879,986.950012,1024.449951
7/19/2017,145.487427,992.77002,1026.869995
7/20/2017,144.832336,992.190002,1028.699951
7/21/2017,144.764908,993.840027,1025.670044
7/24/2017,146.51825,998.309998,1038.949951
7/25/2017,147.144424,969.030029,1039.869995
7/26/2017,147.838058,965.309998,1052.800049
7/27/2017,145.044281,952.51001,1046
7/28/2017,144.023117,958.330017,1020.039978
7/31/2017,143.281311,945.5,987.780029
8/1/2017,144.552963,946.559998,996.190002
8/2/2017,151.383224,947.640015,995.890015
8/3/2017,149.870743,940.299988,986.919983
8/4/2017,150.660721,945.789978,987.580017
8/7/2017,152.992065,945.75,992.27002
8/8/2017,154.21553,944.190002,989.840027
8/9/2017,155.159607,940.080017,982.01001
8/10/2017,150.217499,923.590027,956.919983
8/11/2017,152.306549,930.090027,967.98999
8/14/2017,154.598694,938.929993,983.299988
8/15/2017,156.291183,938.080017,982.73999
8/16/2017,155.662521,944.27002,978.179993
8/17/2017,152.674057,927.659973,960.570007
8/18/2017,152.325897,926.179993,958.469971
8/21/2017,152.045425,920.869995,953.289978
8/22/2017,154.530991,940.400024,966.900024
8/23/2017,154.724396,942.580017,958
8/24/2017,154.037735,936.890015,952.450012
8/25/2017,154.608353,930.5,945.26001
8/28/2017,156.165451,928.130005,946.02002
8/29/2017,157.558167,935.75,954.059998
8/30/2017,157.983704,943.630005,967.590027
8/31/2017,158.61235,955.23999,980.599976
9/1/2017,158.660706,951.98999,978.25
9/5/2017,156.755432,941.47998,965.27002
9/6/2017,156.590988,942.02002,967.799988
9/7/2017,155.962341,949.890015,979.469971
9/8/2017,153.418777,941.409973,965.900024
9/11/2017,156.194489,943.289978,977.960022
9/12/2017,155.575516,946.650024,982.580017
9/13/2017,154.405258,950.440002,999.599976
9/14/2017,153.080246,940.130005,992.210022
9/15/2017,154.627701,935.289978,986.789978
9/18/2017,153.457443,929.75,974.190002
9/19/2017,153.515472,936.859985,969.859985
9/20/2017,150.942871,947.539978,973.210022
9/21/2017,148.350891,947.549988,964.650024
9/22/2017,146.900177,943.26001,955.099976
9/25/2017,145.604202,934.280029,939.789978
9/26/2017,148.109116,937.429993,938.599976
9/27/2017,149.1633,959.900024,950.869995
9/28/2017,148.244507,964.809998,956.400024
9/29/2017,149.0569,973.719971,961.349976
10/2/2017,148.757111,967.469971,959.190002
10/3/2017,149.405106,972.080017,957.099976
10/4/2017,148.437958,966.780029,965.450012
10/5/2017,150.285172,985.190002,980.849976
10/6/2017,150.198135,993.640015,989.580017
10/9/2017,150.720398,992.309998,990.98999
10/10/2017,150.778427,987.799988,987.200012
10/11/2017,151.407104,1005.650024,995
10/12/2017,150.875168,1005.650024,1000.929993
10/13/2017,151.832642,1007.869995,1002.940002
10/16/2017,154.627701,1009.349976,1006.340027
10/17/2017,155.198318,1011,1009.130005
10/18/2017,154.511642,1012.73999,997
10/19/2017,150.855804,1001.840027,986.609985
10/20/2017,151.116959,1005.070007,982.909973
10/23/2017,151.039581,985.539978,966.299988
10/24/2017,151.939011,988.48999,975.900024
10/25/2017,151.271683,991.460022,972.909973
10/26/2017,152.238815,991.419983,972.429993
10/27/2017,157.693542,1033.670044,1100.949951
10/30/2017,161.242996,1033.130005,1110.849976
10/31/2017,163.486755,1033.040039,1105.280029
11/1/2017,161.407394,1042.599976,1103.680054
11/2/2017,162.587326,1042.969971,1094.219971
11/3/2017,166.833115,1049.98999,1111.599976
11/6/2017,168.52562,1042.680054,1120.660034
11/7/2017,169.067215,1052.390015,1123.170044
11/8/2017,170.450256,1058.290039,1132.880005
11/9/2017,170.102097,1047.719971,1129.130005
11/10/2017,169.539093,1044.150024,1125.349976
11/13/2017,168.859665,1041.199951,1129.170044
11/14/2017,166.3069,1041.640015,1136.839966
11/15/2017,164.113281,1036.410034,1126.689941
11/16/2017,166.073975,1048.469971,1137.290039
11/17/2017,165.151871,1035.890015,1129.880005
11/20/2017,164.986893,1034.660034,1126.310059
11/21/2017,168.054031,1050.300049,1139.48999
11/22/2017,169.820587,1051.920044,1156.160034
11/24/2017,169.830307,1056.52002,1186
11/27/2017,168.976135,1072.01001,1195.829956
11/28/2017,167.986099,1063.290039,1193.599976
11/29/2017,164.501587,1037.380005,1161.27002
11/30/2017,166.801956,1036.170044,1176.75
12/1/2017,166.025436,1025.069946,1162.349976
12/4/2017,164.812134,1011.869995,1133.949951
12/5/2017,164.656845,1019.599976,1141.569946
12/6/2017,164.04538,1032.719971,1152.349976
12/7/2017,164.346298,1044.569946,1159.790039
12/8/2017,164.394775,1049.380005,1162
12/11/2017,167.597855,1051.969971,1168.920044
12/12/2017,166.656357,1048.77002,1165.079956
12/13/2017,167.20961,1051.390015,1164.130005
12/14/2017,167.161057,1057.469971,1174.26001
12/15/2017,168.859665,1072,1179.140015
12/18/2017,171.237717,1085.089966,1190.579956
12/19/2017,169.412903,1079.780029,1187.380005
12/20/2017,169.2285,1073.560059,1177.619995
12/21/2017,169.86911,1070.849976,1174.76001
12/22/2017,169.86911,1068.859985,1168.359985
12/26/2017,165.559555,1065.849976,1176.76001
12/27/2017,165.588669,1060.199951,1182.26001
12/28/2017,166.054581,1055.949951,1186.099976
12/29/2017,164.258896,1053.400024,1169.469971
1/2/2018,167.19989,1073.209961,1189.01001
1/3/2018,167.170776,1091.52002,1204.199951
1/4/2018,167.947266,1095.76001,1209.589966
1/5/2018,169.859406,1110.290039,1229.140015
1/8/2018,169.2285,1114.209961,1246.869995
1/9/2018,169.209091,1112.790039,1252.699951
1/10/2018,169.170258,1110.140015,1254.329956
1/11/2018,170.13118,1112.050049,1276.680054
1/12/2018,171.888031,1130.650024,1305.199951
1/16/2018,171.014465,1130.699951,1304.859985
1/17/2018,173.839005,1139.099976,1295
1/18/2018,173.994293,1135.969971,1293.319946
1/19/2018,173.217789,1143.5,1294.579956
1/22/2018,171.800674,1164.160034,1327.310059
1/23/2018,171.839493,1176.170044,1362.540039
1/24/2018,169.102325,1171.290039,1357.51001
1/25/2018,166.083679,1182.140015,1377.949951
1/26/2018,166.471924,1187.560059,1402.050049
1/29/2018,163.026215,1186.47998,1417.680054
1/30/2018,162.065277,1177.369995,1437.819946
1/31/2018,162.51178,1182.219971,1450.890015
2/1/2018,162.851486,1181.589966,1390
2/2/2018,155.78537,1119.199951,1429.949951
2/5/2018,151.893127,1062.390015,1390
2/6/2018,158.241013,1084.430054,1442.839966
2/7/2018,154.853531,1055.410034,1416.780029
2/8/2018,150.592499,1007.710022,1350.5
2/9/2018,152.434464,1046.27002,1339.599976
2/12/2018,158.574326,1054.560059,1386.22998
2/13/2018,160.162903,1054.140015,1414.51001
2/14/2018,163.115891,1072.699951,1451.050049
2/15/2018,168.593033,1091.359985,1461.76001
2/16/2018,168.047272,1095.5,1448.689941
2/20/2018,167.482025,1103.589966,1468.349976
2/21/2018,166.721848,1113.75,1482.920044
2/22/2018,168.115509,1109.900024,1485.339966
2/23/2018,171.039246,1128.089966,1500
2/26/2018,174.421036,1143.699951,1521.949951
2/27/2018,173.855804,1117.51001,1511.97998
2/28/2018,173.592667,1103.920044,1512.449951
3/1/2018,170.551941,1071.410034,1493.449951
3/2/2018,171.731186,1084.140015,1500.25
3/5/2018,172.325714,1094.76001,1523.609985
3/6/2018,172.179504,1100.900024,1537.640015
3/7/2018,170.581207,1115.040039,1545
3/8/2018,172.442642,1129.380005,1551.859985
3/9/2018,175.405365,1160.839966,1578.890015
3/12/2018,177.101135,1165.930054,1598.390015
3/13/2018,175.39563,1139.910034,1588.180054
3/14/2018,173.904495,1148.890015,1591
3/15/2018,174.109161,1150.609985,1582.319946
3/16/2018,173.495193,1134.420044,1571.680054
3/19/2018,170.844345,1100.069946,1544.930054
3/20/2018,170.785858,1095.800049,1586.51001
3/21/2018,166.916748,1094,1581.859985
3/22/2018,164.558273,1053.150024,1544.920044
3/23/2018,160.747635,1026.550049,1495.560059
3/26/2018,168.378662,1054.089966,1555.859985
3/27/2018,164.061218,1006.940002,1497.050049
3/28/2018,162.24852,1005.179993,1431.420044
3/29/2018,163.515457,1037.140015,1447.339966
4/2/2018,162.44342,1012.630005,1371.98999
4/3/2018,164.10997,1018.679993,1392.050049
4/4/2018,167.248123,1029.709961,1410.569946
4/5/2018,168.407867,1032.640015,1451.75
4/6/2018,164.100235,1009.950012,1405.22998
4/9/2018,165.727783,1020.090027,1406.079956
4/10/2018,168.846451,1036.5,1436.219971
4/11/2018,168.057022,1025.060059,1427.050049
4/12/2018,169.713821,1037.290039,1448.5
4/13/2018,170.288803,1036.040039,1430.790039
4/16/2018,171.35112,1046.099976,1441.5
4/17/2018,173.709595,1079.359985,1503.829956
4/18/2018,173.319763,1075.390015,1527.839966
4/19/2018,168.407867,1089.449951,1556.910034
4/20/2018,161.507813,1077.319946,1527.48999
4/23/2018,161.040039,1073.810059,1517.859985
4/24/2018,158.798492,1022.640015,1460.089966
4/25/2018,159.490433,1022.98999,1460.170044
4/26/2018,160.045959,1043.310059,1517.959961
4/27/2018,158.194244,1031.449951,1572.619995
4/30/2018,161.059509,1018.580017,1566.130005
5/1/2018,164.801895,1040.75,1582.26001
5/2/2018,172.082062,1026.050049,1569.680054
5/3/2018,172.393906,1026.300049,1572.079956
5/4/2018,179.157516,1051,1580.949951
5/7/2018,180.45372,1059.459961,1600.140015
5/8/2018,181.321091,1058.589966,1592.390015
5/9/2018,182.597794,1088.949951,1608
5/10/2018,185.209671,1105.469971,1609.079956
5/11/2018,184.505264,1103.380005,1602.910034
5/14/2018,184.074799,1106.599976,1601.540039
5/15/2018,182.40184,1084.869995,1576.119995
5/16/2018,184.104141,1084.089966,1587.280029
5/17/2018,182.939926,1081.26001,1581.76001
5/18/2018,182.274643,1069.640015,1574.369995
5/21/2018,183.566071,1084.01001,1585.459961
5/22/2018,183.106216,1075.310059,1581.400024
5/23/2018,184.280273,1085.959961,1601.859985
5/24/2018,184.074799,1085.449951,1603.069946
5/25/2018,184.495499,1084.079956,1610.150024
5/29/2018,183.830231,1068.069946,1612.869995
5/30/2018,183.438889,1077.469971,1624.890015
5/31/2018,182.82251,1100,1629.619995
6/1/2018,186.119507,1135,1641.540039
6/4/2018,187.675095,1153.040039,1665.27002
6/5/2018,189.123032,1151.02002,1696.349976
6/6/2018,189.778519,1146.949951,1695.75
6/7/2018,189.269806,1134.420044,1689.300049
6/8/2018,187.547913,1132.709961,1683.98999
6/11/2018,187.088089,1140.900024,1689.119995
6/12/2018,188.115341,1148.189941,1698.75
6/13/2018,186.569565,1144.22998,1704.859985
6/14/2018,186.667404,1160.109985,1723.859985
6/15/2018,184.749863,1159.27002,1715.969971
6/18/2018,184.652008,1183.579956,1723.790039
6/19/2018,181.668076,1178.689941,1734.780029
6/20/2018,182.460541,1184.069946,1750.079956
6/21/2018,181.443069,1169.439941,1730.219971
6/22/2018,180.914749,1169.290039,1715.670044
6/25/2018,178.224304,1139.280029,1663.150024
6/26/2018,180.435379,1132.619995,1691.089966
6/27/2018,180.171219,1116.939941,1660.51001
6/28/2018,181.482208,1126.780029,1701.449951
6/29/2018,181.100647,1129.189941,1699.800049
7/2/2018,183.125809,1142.109985,1713.780029
7/3/2018,179.936417,1116.280029,1693.959961
7/5/2018,181.384354,1141.290039,1699.72998
7/6/2018,183.898682,1155.079956,1710.630005
7/9/2018,186.452164,1167.280029,1739.02002
7/10/2018,186.227173,1167.140015,1743.069946
7/11/2018,183.810638,1171.459961,1755
7/12/2018,186.89241,1201.26001,1796.619995
7/13/2018,187.185898,1204.420044,1813.030029
7/16/2018,186.775024,1196.51001,1822.48999
7/17/2018,187.303299,1213.079956,1843.930054
7/18/2018,186.276047,1212.910034,1842.920044
7/19/2018,187.72403,1199.099976,1812.969971
7/20/2018,187.293564,1197.880005,1813.699951
7/23/2018,187.459839,1211,1802
7/24/2018,188.819748,1258.150024,1829.23999
7/25/2018,190.600342,1275.939941,1863.609985
7/26/2018,190.00354,1285.5,1808
7/27/2018,186.843521,1252.890015,1817.27002
7/30/2018,185.796677,1230.040039,1779.219971
7/31/2018,186.168427,1227.219971,1777.439941
8/1/2018,197.135651,1232.98999,1797.170044
8/2/2018,202.898071,1241.130005,1834.329956
8/3/2018,203.485062,1238.160034,1823.290039
8/6/2018,204.541672,1237.670044,1847.75
8/7/2018,202.62413,1255.839966,1862.47998
8/8/2018,202.761124,1261.329956,1886.52002
8/9/2018,204.355804,1264.459961,1898.52002
8/10/2018,203.747101,1252.51001,1886.300049
8/13/2018,205.062668,1248.640015,1896.199951
8/14/2018,205.926666,1258.140015,1919.650024
8/15/2018,206.407715,1232.219971,1882.619995
8/16/2018,209.43158,1224.060059,1886.52002
8/17/2018,213.613892,1215.849976,1882.219971
8/20/2018,211.532562,1221.949951,1876.709961
8/21/2018,211.120209,1217.410034,1883.420044
8/22/2018,211.130035,1221.75,1904.900024
8/23/2018,211.562012,1221.160034,1902.900024
8/24/2018,212.219803,1236.75,1905.390015
8/27/2018,213.967346,1256.27002,1927.680054
8/28/2018,215.695267,1245.859985,1932.819946
8/29/2018,218.915482,1264.650024,1998.099976
8/30/2018,220.928101,1254.439941,2002.380005
8/31/2018,223.480713,1231.800049,2012.709961
9/4/2018,224.197418,1211.310059,2039.51001
9/5/2018,222.734589,1199.099976,1994.819946
9/6/2018,219.03331,1183.98999,1958.310059
9/7/2018,217.266113,1177.589966,1952.069946
9/10/2018,214.350235,1175.060059,1939.01001
9/11/2018,219.769638,1189.98999,1987.150024
9/12/2018,217.040298,1171.599976,1990
9/13/2018,222.282959,1182.140015,1989.869995
9/14/2018,219.759811,1177.97998,1970.189941
9/17/2018,213.908447,1159.829956,1908.030029
9/18/2018,214.261887,1167.109985,1941.050049
9/19/2018,214.389496,1174.27002,1926.420044
9/20/2018,216.019272,1191.569946,1944.300049
9/21/2018,213.692459,1172.119995,1915.01001
9/24/2018,216.765396,1179.560059,1934.359985
9/25/2018,218.139877,1193.890015,1974.550049
9/26/2018,216.402145,1194.060059,1974.849976
9/27/2018,220.849579,1207.359985,2012.97998
9/28/2018,221.625168,1207.079956,2003
10/1/2018,223.117462,1208.530029,2004.359985
10/2/2018,225.100647,1207.640015,1971.310059
10/3/2018,227.839798,1211.530029,1952.76001
10/4/2018,223.834167,1177.069946,1909.420044
10/5/2018,220.201599,1167.829956,1889.650024
10/8/2018,219.691101,1155.920044,1864.420044
10/9/2018,222.734589,1145.170044,1870.319946
10/10/2018,212.416153,1092.160034,1755.25
10/11/2018,210.54097,1090.73999,1719.359985
10/12/2018,218.06134,1120.540039,1788.609985
10/15/2018,213.397919,1102.439941,1760.949951
10/16/2018,218.100601,1133.079956,1819.959961
10/17/2018,217.158112,1127.589966,1831.72998
10/18/2018,212.082352,1097.910034,1770.719971
10/19/2018,215.312363,1105.180054,1764.030029
10/22/2018,216.627945,1111.369995,1789.300049
10/23/2018,218.670029,1114.910034,1768.699951
10/24/2018,211.169296,1057.119995,1664.199951
10/25/2018,215.793457,1103.589966,1782.170044
10/26/2018,212.357239,1083.75,1642.810059
10/29/2018,208.371262,1034.72998,1538.880005
10/30/2018,209.411926,1049.51001,1530.420044
10/31/2018,214.87059,1090.579956,1598.01001
11/1/2018,218.169342,1085.97998,1665.530029
11/2/2018,203.697998,1071.48999,1665.530029
11/5/2018,197.915375,1055.72998,1627.800049
11/6/2018,200.055649,1069.569946,1642.810059
11/7/2018,206.122986,1108.23999,1755.48999
11/8/2018,205.403809,1094.630005,1754.910034
11/9/2018,201.443298,1077.02002,1712.430054
11/12/2018,191.295761,1049.359985,1636.849976
11/13/2018,189.384476,1047.969971,1631.170044
11/14/2018,184.034882,1054.579956,1599.01001
11/15/2018,188.57663,1071.050049,1619.439941
11/16/2018,190.665237,1068.27002,1593.410034
11/19/2018,183.10878,1027.420044,1512.290039
11/20/2018,174.360245,1030.449951,1495.459961
11/21/2018,174.163193,1043.430054,1516.72998
11/23/2018,169.739655,1030.099976,1502.060059
11/26/2018,172.035172,1055.939941,1581.329956
11/27/2018,171.660797,1052.280029,1581.420044
11/28/2018,178.261627,1091.790039,1677.75
11/29/2018,176.892197,1094.579956,1673.569946
11/30/2018,175.936554,1109.650024,1690.170044
12/3/2018,182.084183,1116.359985,1772.359985
12/4/2018,174.074539,1062.469971,1668.400024
12/6/2018,172.133682,1078.079956,1699.189941
12/7/2018,165.995926,1046.579956,1629.130005
12/10/2018,167.089478,1053.180054,1641.030029
12/11/2018,166.13385,1061.650024,1643.23999
12/12/2018,166.596878,1073.72998,1663.540039
12/13/2018,168.419479,1073.540039,1658.380005
12/14/2018,163.030457,1051.709961,1591.910034
12/17/2018,161.51326,1025.650024,1520.910034
12/18/2018,163.61174,1043.410034,1551.47998
12/19/2018,158.508408,1035.459961,1495.079956
12/20/2018,154.508499,1023.580017,1460.829956
12/21/2018,148.498795,991.25,1377.449951
12/24/2018,144.65654,984.669983,1343.959961
12/26/2018,154.843475,1047.849976,1470.900024
12/27/2018,153.838562,1052.900024,1461.640015
12/28/2018,153.917389,1046.680054,1478.02002
12/31/2018,155.405045,1044.959961,1501.969971
1/2/2019,155.582367,1054.680054,1539.130005
1/3/2019,140.08522,1025.469971,1500.280029
1/4/2019,146.065353,1078.069946,1575.390015
1/7/2019,145.740265,1075.920044,1629.51001
1/8/2019,148.518509,1085.369995,1656.579956
1/9/2019,151.040604,1081.650024,1659.420044
1/10/2019,151.523376,1078.829956,1656.219971
1/11/2019,150.035706,1064.469971,1640.560059
1/14/2019,147.779602,1051.51001,1617.209961
1/15/2019,150.804169,1086.51001,1674.560059
1/16/2019,152.646484,1089.51001,1683.780029
1/17/2019,153.552872,1099.119995,1693.219971
1/18/2019,154.498657,1107.300049,1696.199951
1/22/2019,151.030777,1078.630005,1632.170044
1/23/2019,151.641586,1084.410034,1640.02002
1/24/2019,150.439636,1084,1654.930054
1/25/2019,155.424744,1101.51001,1670.569946
1/28/2019,153.986359,1079.859985,1637.890015
1/29/2019,152.39032,1070.060059,1593.880005
1/30/2019,162.803864,1097.98999,1670.430054
1/31/2019,163.976242,1125.890015,1718.72998
2/1/2019,164.055069,1118.619995,1626.22998
2/4/2019,168.715042,1141.420044,1633.310059
2/5/2019,171.601685,1151.869995,1658.810059
2/6/2019,171.660797,1122.890015,1640.26001
2/7/2019,168.409653,1105.910034,1614.369995
2/8/2019,168.607529,1102.380005,1588.219971
2/11/2019,167.637878,1102.119995,1591
2/12/2019,169.082443,1127.579956,1638.01001
2/13/2019,168.379944,1128.630005,1640
2/14/2019,168.993408,1129.199951,1622.650024
2/15/2019,168.617432,1119.630005,1607.949951
2/19/2019,169.122009,1126.51001,1627.579956
2/20/2019,170.210388,1120.589966,1622.099976
2/21/2019,169.250656,1104.209961,1619.439941
2/22/2019,171.140442,1116.560059,1631.560059
2/25/2019,172.387115,1117.329956,1633
2/26/2019,172.486053,1122.01001,1636.400024
2/27/2019,173.02034,1122.890015,1641.089966
2/28/2019,171.318542,1126.550049,1639.829956
3/1/2019,173.119278,1148.52002,1671.72998
3/4/2019,173.98999,1153.420044,1696.170044
3/5/2019,173.67337,1169.189941,1692.430054
3/6/2019,172.674057,1164.939941,1668.949951
3/7/2019,170.675415,1150.849976,1625.949951
3/8/2019,171.081085,1149.969971,1620.800049
3/11/2019,177.007706,1179.26001,1670.619995
3/12/2019,178.996475,1197.25,1673.099976
3/13/2019,179.787994,1199.060059,1690.810059
3/14/2019,181.786621,1192.530029,1686.219971
3/15/2019,184.151337,1190.300049,1712.359985
3/18/2019,186.031265,1188.550049,1742.150024
3/19/2019,184.557022,1202.459961,1761.849976
3/20/2019,186.169785,1226.430054,1797.27002
3/21/2019,193.026459,1236.130005,1819.26001
3/22/2019,189.029205,1207.650024,1764.77002
3/25/2019,186.743637,1197.380005,1774.26001
3/26/2019,184.814255,1189.839966,1783.76001
3/27/2019,186.476486,1178.01001,1765.699951
3/28/2019,186.723846,1172.27002,1773.420044
3/29/2019,187.940842,1176.890015,1780.75
4/1/2019,189.217209,1198.97998,1814.189941
4/2/2019,191.967804,1205.540039,1813.97998
4/3/2019,193.283737,1210.810059,1820.699951
4/4/2019,193.620117,1219.449951,1818.859985
4/5/2019,194.91626,1211.449951,1837.280029
4/8/2019,197.983475,1208.280029,1849.859985
4/9/2019,197.389832,1202.689941,1835.839966
4/10/2019,198.497971,1206.449951,1847.329956
4/11/2019,196.845642,1209.589966,1844.069946
4/12/2019,196.766495,1222.72998,1843.060059
4/15/2019,197.122681,1226.530029,1844.869995
4/16/2019,197.142471,1231.910034,1863.040039
4/17/2019,200.981445,1240.140015,1864.819946
4/18/2019,201.70372,1241.469971,1861.689941
4/22/2019,202.366638,1253.76001,1887.310059
4/23/2019,205.285416,1270.589966,1923.77002
4/24/2019,204.968811,1260.050049,1901.75
4/25/2019,203.108704,1267.339966,1902.25
4/26/2019,202.139069,1277.420044,1950.630005
4/29/2019,202.445786,1296.199951,1938.430054
4/30/2019,198.547455,1198.959961,1926.52002
5/1/2019,208.293274,1173.319946,1911.52002
5/2/2019,206.937759,1166.51001,1900.819946
5/3/2019,209.510269,1189.550049,1962.459961
5/6/2019,206.274857,1193.459961,1950.550049
5/7/2019,200.714294,1178.859985,1921
5/8/2019,200.75386,1170.780029,1917.77002
5/9/2019,198.596924,1167.969971,1899.869995
5/10/2019,195.845673,1167.640015,1889.97998
5/13/2019,184.463242,1136.589966,1822.680054
5/14/2019,187.383331,1124.859985,1840.119995
5/15/2019,189.628036,1170.800049,1871.150024
5/16/2019,188.793732,1184.5,1907.569946
5/17/2019,187.721039,1168.780029,1869
5/20/2019,181.851028,1144.660034,1858.969971
5/21/2019,185.33728,1154.439941,1857.52002
5/22/2019,181.543121,1155.849976,1859.680054
5/23/2019,178.444244,1145.339966,1815.47998
5/24/2019,177.758911,1138.609985,1823.280029
5/28/2019,177.023911,1139.560059,1836.430054
5/29/2019,176.179657,1119.939941,1819.189941
5/30/2019,177.093445,1121.410034,1816.319946
5/31/2019,173.8853,1106.5,1775.069946
6/3/2019,172.127274,1038.73999,1692.689941
6/4/2019,178.424377,1054.48999,1729.560059
6/5/2019,181.304733,1044.640015,1738.5
6/6/2019,183.966614,1047.76001,1754.359985
6/7/2019,188.863251,1068.369995,1804.030029
6/10/2019,191.27681,1082.76001,1860.630005
6/11/2019,193.491714,1081.040039,1863.699951
6/12/2019,192.875916,1079.099976,1855.319946
6/13/2019,192.836166,1091.01001,1870.300049
6/14/2019,191.43573,1086.300049,1869.670044
6/17/2019,192.577942,1093.890015,1886.030029
6/18/2019,197.107086,1105.23999,1901.369995
6/19/2019,196.531006,1104.51001,1908.790039
6/20/2019,198.110245,1113.199951,1918.189941
6/21/2019,197.434845,1125.369995,1911.300049
6/24/2019,197.236206,1116.699951,1913.900024
6/25/2019,194.246582,1087.579956,1878.27002
6/26/2019,198.447952,1080.319946,1897.829956
6/27/2019,198.388367,1076.630005,1904.280029
6/28/2019,196.580658,1082.800049,1893.630005
7/1/2019,200.186111,1100,1922.189941
7/2/2019,201.358109,1112.599976,1934.310059
7/3/2019,203.026749,1122.98999,1939
7/5/2019,202.847961,1132.670044,1942.910034
7/8/2019,198.666458,1116.790039,1952.319946
7/9/2019,199.87822,1124.290039,1988.300049
7/10/2019,201.854736,1140.910034,2017.410034
7/11/2019,200.38475,1144.079956,2001.069946
7/12/2019,201.924271,1145.339966,2011
7/15/2019,203.82135,1150.51001,2020.98999
7/16/2019,203.116135,1153.459961,2009.900024
7/17/2019,201.973923,1146.73999,1992.030029
7/18/2019,204.268295,1147.23999,1977.900024
7/19/2019,201.21907,1131.550049,1964.52002
7/22/2019,205.817734,1139.209961,1985.630005
7/23/2019,207.426758,1148.050049,1994.48999
7/24/2019,207.257935,1139.72998,2000.810059
7/25/2019,205.619095,1135.939941,1973.819946
7/26/2019,206.334213,1245.219971,1943.050049
7/29/2019,208.261078,1241.839966,1912.449951
7/30/2019,207.367172,1228,1898.530029
7/31/2019,211.598358,1218.199951,1866.780029
8/1/2019,207.019531,1211.780029,1855.319946
8/2/2019,202.639389,1196.319946,1823.23999
8/5/2019,192.031647,1154.75,1765.130005
8/6/2019,195.666885,1171.079956,1787.829956
8/7/2019,197.693085,1175.910034,1793.400024
8/8/2019,202.053375,1206.189941,1832.890015
8/9/2019,200.388382,1188.900024,1807.579956
8/12/2019,199.879898,1174.5,1784.920044
8/13/2019,208.344498,1196.72998,1824.339966
8/14/2019,202.143112,1164.25,1762.959961
8/15/2019,201.136139,1169.319946,1776.119995
8/16/2019,205.881882,1179.209961,1792.569946
8/19/2019,209.720367,1200.439941,1816.119995
8/20/2019,209.730331,1183.530029,1801.380005
8/21/2019,212.00351,1191.579956,1823.540039
8/22/2019,211.824051,1191.52002,1804.660034
8/23/2019,202.033447,1153.579956,1749.619995
8/26/2019,205.871918,1171.180054,1768.869995
8/27/2019,203.548889,1170.819946,1761.829956
8/28/2019,204.914795,1173.75,1764.25
8/29/2019,208.384369,1194.23999,1786.400024
8/30/2019,208.115189,1190.530029,1776.290039
9/3/2019,205.084274,1169.550049,1789.839966
9/4/2019,208.563843,1182.27002,1800.619995
9/5/2019,212.641586,1212.189941,1840.719971
9/6/2019,212.621643,1206.319946,1833.51001
9/9/2019,213.528931,1205.27002,1831.349976
9/10/2019,216.051346,1205.699951,1820.550049
9/11/2019,222.920731,1220,1822.98999
9/12/2019,222.422226,1234.969971,1843.550049
9/13/2019,218.095215,1240.030029,1839.339966
9/16/2019,219.241776,1231.630005,1807.839966
9/17/2019,220.039383,1229.880005,1822.550049
9/18/2019,222.103195,1232.650024,1817.459961
9/19/2019,220.298615,1238.75,1821.5
9/20/2019,217.078262,1229.839966,1794.160034
9/23/2019,218.065308,1234.689941,1785.300049
9/24/2019,217.028412,1218.329956,1741.609985
9/25/2019,220.368393,1245.939941,1768.329956
9/26/2019,219.231812,1242.290039,1739.839966
9/27/2019,218.165024,1225.949951,1725.449951
9/30/2019,223.299591,1221.140015,1735.910034
10/1/2019,223.91774,1206,1735.650024
10/2/2019,218.304596,1177.920044,1713.22998
10/3/2019,220.159027,1189.430054,1724.420044
10/4/2019,226.33049,1210.959961,1739.650024
10/7/2019,226.380341,1208.25,1732.660034
10/8/2019,223.728302,1190.130005,1705.51001
10/9/2019,226.350433,1202.400024,1721.98999
10/10/2019,229.401276,1209.469971,1720.26001
10/11/2019,235.50296,1215.709961,1731.920044
10/14/2019,235.163971,1217.77002,1736.430054
10/15/2019,234.615631,1242.23999,1767.380005
10/16/2019,233.668457,1243,1777.430054
10/17/2019,234.575745,1252.800049,1787.47998
10/18/2019,235.702362,1244.410034,1757.51001
10/21/2019,239.790085,1244.280029,1785.660034
10/22/2019,239.241745,1241.199951,1765.72998
10/23/2019,242.452087,1257.630005,1762.170044
10/24/2019,242.850891,1259.109985,1780.780029
10/25/2019,245.841919,1264.300049,1761.329956
10/28/2019,248.30452,1288.97998,1777.079956
10/29/2019,242.561752,1260.660034,1762.709961
10/30/2019,242.531845,1260.699951,1779.98999
10/31/2019,248.015381,1258.800049,1776.660034
11/1/2019,255.05426,1272.25,1791.439941
11/4/2019,256.729218,1289.609985,1804.660034
11/5/2019,256.360352,1291.439941,1801.709961
11/6/2019,256.470001,1291.01001,1795.77002
11/7/2019,259.429993,1306.939941,1788.199951
11/8/2019,260.140015,1309,1785.880005
11/11/2019,262.200012,1298.280029,1771.650024
11/12/2019,261.959991,1297.209961,1778
11/13/2019,264.470001,1296.180054,1753.109985
11/14/2019,262.640015,1309.150024,1754.599976
11/15/2019,265.76001,1333.540039,1739.48999
11/18/2019,267.100006,1319.839966,1752.530029
11/19/2019,266.290009,1312.589966,1752.790039
11/20/2019,263.190002,1301.859985,1745.530029
